{
    "providers": [
        {
            "type": "bitmap",
            "file": "minecraft:emojis/flag_moscow.png",
            "ascent": 9,
            "chars":[""],
            "height": 9
        },
        {
            "type": "bitmap",
            "file": "minecraft:emojis/flag_spb.png",
            "ascent": 9,
            "chars":[""],
            "height": 9
        },
        {
            "type": "bitmap",
            "file": "minecraft:emojis/klim.png",
            "ascent": 9,
            "chars":[""],
            "height": 9
        },
        {
            "type": "bitmap",
            "file": "minecraft:emojis/aightcool.png",
            "ascent": 9,
            "chars":[""],
            "height": 9
        },
        {
            "type": "bitmap",
            "file": "minecraft:emojis/doggo.png",
            "ascent": 9,
            "chars":[""],
            "height": 9
        },
        {
            "type": "bitmap",
            "file": "minecraft:emojis/hollow.png",
            "ascent": 9,
            "chars":[""],
            "height": 9
        },
        {
            "type": "bitmap",
            "file": "minecraft:emojis/nugget_happy.png",
            "ascent": 9,
            "chars":[""],
            "height": 9
        },
        {
            "type": "bitmap",
            "file": "minecraft:emojis/nugget_sad.png",
            "ascent": 9,
            "chars":[""],
            "height": 9
        },
        {
            "type": "bitmap",
            "file": "minecraft:emojis/orehus.png",
            "ascent": 9,
            "chars":[""],
            "height": 9
        },
        {
            "type": "bitmap",
            "file": "minecraft:emojis/eHz.png",
            "ascent": 9,
            "chars":[""],
            "height": 9
        },
        {
            "type": "bitmap",
            "file": "minecraft:emojis/eSmil.png",
            "ascent": 9,
            "chars":[""],
            "height": 9
        },
        {
            "type": "bitmap",
            "file": "minecraft:emojis/eNice.png",
            "ascent": 9,
            "chars":[""],
            "height": 9
        },
        {
            "type": "bitmap",
            "file": "minecraft:emojis/eSunglss.png",
            "ascent": 9,
            "chars":[""],
            "height": 9
        },
        {
            "type": "bitmap",
            "file": "minecraft:emojis/eThonk.png",
            "ascent": 9,
            "chars":[""],
            "height": 9
        },
        {
            "type": "bitmap",
            "file": "minecraft:emojis/eTipHat.png",
            "ascent": 9,
            "chars":[""],
            "height": 9
        },
        {
            "type": "bitmap",
            "file": "minecraft:emojis/eNooWhyyy.png",
            "ascent": 9,
            "chars":[""],
            "height": 9
        },
        {
            "type": "bitmap",
            "file": "minecraft:emojis/eXO.png",
            "ascent": 9,
            "chars":[""],
            "height": 9
        },
        {
            "type": "bitmap",
            "file": "minecraft:emojis/eVibe.png",
            "ascent": 9,
            "chars":[""],
            "height": 9
        },
        {
            "type": "bitmap",
            "file": "minecraft:emojis/mSeriously.png",
            "ascent": 9,
            "chars":[""],
            "height": 9
        },
        {
            "type": "bitmap",
            "file": "minecraft:emojis/kGod.png",
            "ascent": 9,
            "chars":[""],
            "height": 9
        },
        {
            "type": "bitmap",
            "file": "minecraft:emojis/kPain.png",
            "ascent": 9,
            "chars":[""],
            "height": 9
        },
        {
            "type": "bitmap",
            "file": "minecraft:emojis/Kekw.png",
            "ascent": 9,
            "chars":[""],
            "height": 9
        },
        {
            "type": "bitmap",
            "file": "minecraft:emojis/kPogChamp.png",
            "ascent": 9,
            "chars":[""],
            "height": 9
        },
        {
            "type": "bitmap",
            "file": "minecraft:emojis/kPainsChamp.png",
            "ascent": 9,
            "chars":[""],
            "height": 9
        },
        {
            "type": "bitmap",
            "file": "minecraft:emojis/kPogMega.png",
            "ascent": 9,
            "chars":[""],
            "height": 9
        },
        {
            "type": "bitmap",
            "file": "minecraft:emojis/kPogU.png",
            "ascent": 9,
            "chars":[""],
            "height": 9
        },
        {
            "type": "bitmap",
            "file": "minecraft:emojis/kWeirdChamp.png",
            "ascent": 9,
            "chars":[""],
            "height": 9
        },
        {
            "type": "bitmap",
            "file": "minecraft:emojis/kWhatchamp.png",
            "ascent": 9,
            "chars":[""],
            "height": 9
        },
        {
            "type": "bitmap",
            "file": "minecraft:emojis/kKekwChamp.png",
            "ascent": 9,
            "chars":[""],
            "height": 9
        },
        {
            "type": "bitmap",
            "file": "minecraft:emojis/kWeirdPog.png",
            "ascent": 9,
            "chars":[""],
            "height": 9
        },
        {
            "type": "bitmap",
            "file": "minecraft:emojis/cursed.png",
            "ascent": 9,
            "chars":[""],
            "height": 9
        },
        {
            "type": "bitmap",
            "file": "minecraft:emojis/LookingMonkey.png",
            "ascent": 9,
            "chars":[""],
            "height": 9
        },
        {
            "type": "bitmap",
            "file": "minecraft:emojis/F_.png",
            "ascent": 9,
            "chars":[""],
            "height": 9
        },
        {
            "type": "bitmap",
            "file": "minecraft:emojis/forbid.png",
            "ascent": 9,
            "chars":[""],
            "height": 9
        },
        {
            "type": "bitmap",
            "file": "minecraft:emojis/LookingFish.png",
            "ascent": 9,
            "chars":[""],
            "height": 9
        },
        {
            "type": "bitmap",
            "file": "minecraft:emojis/NO.png",
            "ascent": 9,
            "chars":[""],
            "height": 9
        },
        {
            "type": "bitmap",
            "file": "minecraft:emojis/NotStonks.png",
            "ascent": 9,
            "chars":[""],
            "height": 9
        },
        {
            "type": "bitmap",
            "file": "minecraft:emojis/kOmegaPog.png",
            "ascent": 9,
            "chars":[""],
            "height": 9
        },
        {
            "type": "bitmap",
            "file": "minecraft:emojis/stonks.png",
            "ascent": 9,
            "chars":[""],
            "height": 9
        },
        {
            "type": "bitmap",
            "file": "minecraft:emojis/think.png",
            "ascent": 9,
            "chars":[""],
            "height": 9
        },
        {
            "type": "bitmap",
            "file": "minecraft:emojis/wazowski.png",
            "ascent": 9,
            "chars":[""],
            "height": 9
        },
        {
            "type": "bitmap",
            "file": "minecraft:emojis/pepega.png",
            "ascent": 9,
            "chars":[""],
            "height": 9
        },
        {
            "type": "bitmap",
            "file": "minecraft:emojis/w_.png",
            "ascent": 9,
            "chars":[""],
            "height": 9
        },
        {
            "type": "bitmap",
            "file": "minecraft:emojis/bruh.png",
            "ascent": 9,
            "chars":[""],
            "height": 9
        },
        {
            "type": "bitmap",
            "file": "minecraft:emojis/kMadChamp.png",
            "ascent": 9,
            "chars":[""],
            "height": 9
        },
        {
            "type": "bitmap",
            "file": "minecraft:emojis/pmonkaS.png",
            "ascent": 9,
            "chars":[""],
            "height": 9
        },
        {
            "type": "bitmap",
            "file": "minecraft:emojis/pmonkaGIGA.png",
            "ascent": 9,
            "chars":[""],
            "height": 9
        },
        {
            "type": "bitmap",
            "file": "minecraft:emojis/ok1.png",
            "ascent": 9,
            "chars":[""],
            "height": 9
        },
        {
            "type": "bitmap",
            "file": "minecraft:emojis/trol.png",
            "ascent": 9,
            "chars":[""],
            "height": 9
        },
        {
            "type": "bitmap",
            "file": "minecraft:emojis/eWena.png",
            "ascent": 9,
            "chars":[""],
            "height": 9
        },
        {
            "type": "bitmap",
            "file": "minecraft:emojis/renard.png",
            "ascent": 9,
            "chars":[""],
            "height": 9
        },
        {
            "type": "bitmap",
            "file": "minecraft:emojis/yes.png",
            "ascent": 9,
            "chars":[""],
            "height": 9
        },
        {
            "type": "bitmap",
            "file": "minecraft:emojis/troll2.png",
            "ascent": 9,
            "chars":[""],
            "height": 9
        },
        {
            "type": "bitmap",
            "file": "minecraft:emojis/kPissedChamp.png",
            "ascent": 9,
            "chars":[""],
            "height": 9
        },
        {
            "type": "bitmap",
            "file": "minecraft:emojis/flag_tuapse.png",
            "ascent": 9,
            "chars":[""],
            "height": 9
        },
        {
            "type": "bitmap",
            "file": "minecraft:emojis/feelswowman.png",
            "ascent": 9,
            "chars":[""],
            "height": 9
        },
        {
            "type": "bitmap",
            "file": "minecraft:emojis/flag_su.png",
            "ascent": 9,
            "chars":[""],
            "height": 9
        },
        {
            "type": "bitmap",
            "file": "minecraft:emojis/reznya.png",
            "ascent": 9,
            "chars":[""],
            "height": 9
        },
        {
            "type": "bitmap",
            "file": "minecraft:emojis/troll_pause.png",
            "ascent": 9,
            "chars":[""],
            "height": 9
        },
        {
            "type": "bitmap",
            "file": "minecraft:emojis/pepeAngry.png",
            "ascent": 9,
            "chars":[""],
            "height": 9
        },
        {
            "type": "bitmap",
            "file": "minecraft:emojis/kPauseChamp.png",
            "ascent": 9,
            "chars":[""],
            "height": 9
        },
        {
            "type": "bitmap",
            "file": "minecraft:emojis/kSadChamp.png",
            "ascent": 9,
            "chars":[""],
            "height": 9
        },
        {
            "type": "bitmap",
            "file": "minecraft:emojis/kPogYOU.png",
            "ascent": 9,
            "chars":[""],
            "height": 9
        },
        {
            "type": "bitmap",
            "file": "minecraft:emojis/kpog.png",
            "ascent": 9,
            "chars":[""],
            "height": 9
        },
        {
            "type": "bitmap",
            "file": "minecraft:emojis/eGrr.png",
            "ascent": 9,
            "chars":[""],
            "height": 9
        },
        {
            "type": "bitmap",
            "file": "minecraft:emojis/pepeBased.png",
            "ascent": 9,
            "chars":[""],
            "height": 9
        },
        {
            "type": "bitmap",
            "file": "minecraft:emojis/pepeSadge.png",
            "ascent": 9,
            "chars":[""],
            "height": 9
        },
        {
            "type": "bitmap",
            "file": "minecraft:emojis/pepeCringe.png",
            "ascent": 9,
            "chars":[""],
            "height": 9
        },
        {
            "type": "bitmap",
            "file": "minecraft:emojis/pepeShrug.png",
            "ascent": 9,
            "chars":[""],
            "height": 9
        },
        {
            "type": "bitmap",
            "file": "minecraft:emojis/pepeLove.png",
            "ascent": 9,
            "chars":[""],
            "height": 9
        },
        {
            "type": "bitmap",
            "file": "minecraft:emojis/pepeDumb.png",
            "ascent": 9,
            "chars":[""],
            "height": 9
        },
        {
            "type": "bitmap",
            "file": "minecraft:emojis/pepeGlass.png",
            "ascent": 9,
            "chars":[""],
            "height": 9
        },
        {
            "type": "bitmap",
            "file": "minecraft:emojis/durka.png",
            "ascent": 9,
            "chars":[""],
            "height": 9
        },
        {
            "type": "bitmap",
            "file": "minecraft:emojis/pepeHappy.png",
            "ascent": 9,
            "chars":[""],
            "height": 9
        },
        {
            "type": "bitmap",
            "file": "minecraft:emojis/flag_barnaul.png",
            "ascent": 9,
            "chars":[""],
            "height": 9
        },
        {
            "type": "bitmap",
            "file": "minecraft:emojis/flag_krasnodar.png",
            "ascent": 9,
            "chars":[""],
            "height": 9
        },
        {
            "type": "bitmap",
            "file": "minecraft:emojis/flag_zelenograd.png",
            "ascent": 9,
            "chars":[""],
            "height": 9
        },
        {
            "type": "bitmap",
            "file": "minecraft:emojis/flag_yasenevo.png",
            "ascent": 9,
            "chars":[""],
            "height": 9
        },
        {
            "type": "bitmap",
            "file": "minecraft:emojis/teacis.png",
            "ascent": 9,
            "chars":[""],
            "height": 9
        },
        {
            "type": "bitmap",
            "file": "minecraft:emojis/kHappyChamp.png",
            "ascent": 9,
            "chars":[""],
            "height": 9
        },
        {
            "type": "bitmap",
            "file": "minecraft:emojis/pepeNoted.png",
            "ascent": 9,
            "chars":[""],
            "height": 9
        },
        {
            "type": "bitmap",
            "file": "minecraft:emojis/gryznya.png",
            "ascent": 9,
            "chars":[""],
            "height": 9
        },
        {
            "type": "bitmap",
            "file": "minecraft:emojis/pepeCross.png",
            "ascent": 9,
            "chars":[""],
            "height": 9
        },
        {
            "type": "bitmap",
            "file": "minecraft:emojis/pepeBan.png",
            "ascent": 9,
            "chars":[""],
            "height": 9
        },
        {
            "type": "bitmap",
            "file": "minecraft:emojis/facepalm.png",
            "ascent": 9,
            "chars":[""],
            "height": 9
        },
        {
            "type": "bitmap",
            "file": "minecraft:emojis/horosh.png",
            "ascent": 9,
            "chars":[""],
            "height": 9
        },
        {
            "type": "bitmap",
            "file": "minecraft:emojis/volk.png",
            "ascent": 9,
            "chars":[""],
            "height": 9
        },
        {
            "type": "bitmap",
            "file": "minecraft:emojis/ladno.png",
            "ascent": 9,
            "chars":[""],
            "height": 9
        },
        {
            "type": "bitmap",
            "file": "minecraft:emojis/BONK.png",
            "ascent": 9,
            "chars":[""],
            "height": 9
        },
        {
            "type": "bitmap",
            "file": "minecraft:emojis/perhaps.png",
            "ascent": 9,
            "chars":[""],
            "height": 9
        },
        {
            "type": "bitmap",
            "file": "minecraft:emojis/roflanZdarova.png",
            "ascent": 9,
            "chars":[""],
            "height": 9
        },
        {
            "type": "bitmap",
            "file": "minecraft:emojis/roflan.png",
            "ascent": 9,
            "chars":[""],
            "height": 9
        },
        {
            "type": "bitmap",
            "file": "minecraft:emojis/roflanPominki.png",
            "ascent": 9,
            "chars":[""],
            "height": 9
        },
        {
            "type": "bitmap",
            "file": "minecraft:emojis/lul.png",
            "ascent": 9,
            "chars":[""],
            "height": 9
        },
        {
            "type": "bitmap",
            "file": "minecraft:emojis/socool.png",
            "ascent": 9,
            "chars":[""],
            "height": 9
        },
        {
            "type": "bitmap",
            "file": "minecraft:emojis/sopro.png",
            "ascent": 9,
            "chars":[""],
            "height": 9
        },
        {
            "type": "bitmap",
            "file": "minecraft:emojis/pepeEw.png",
            "ascent": 9,
            "chars":[""],
            "height": 9
        },
        {
            "type": "bitmap",
            "file": "minecraft:emojis/pepePray.png",
            "ascent": 9,
            "chars":[""],
            "height": 9
        },
        {
            "type": "bitmap",
            "file": "minecraft:emojis/mm.png",
            "ascent": 9,
            "chars":[""],
            "height": 9
        },
        {
            "type": "bitmap",
            "file": "minecraft:emojis/YellingWoman.png",
            "ascent": 9,
            "chars":[""],
            "height": 9
        },
        {
            "type": "bitmap",
            "file": "minecraft:emojis/wut.png",
            "ascent": 9,
            "chars":[""],
            "height": 9
        },
        {
            "type": "bitmap",
            "file": "minecraft:emojis/pSadgee.png",
            "ascent": 9,
            "chars":[""],
            "height": 9
        },
        {
            "type": "bitmap",
            "file": "minecraft:emojis/kTrollChamp.png",
            "ascent": 9,
            "chars":[""],
            "height": 9
        },
        {
            "type": "bitmap",
            "file": "minecraft:emojis/flag_yakutia.png",
            "ascent": 9,
            "chars":[""],
            "height": 9
        },
        {
            "type": "bitmap",
            "file": "minecraft:emojis/shocked.png",
            "ascent": 9,
            "chars":[""],
            "height": 9
        },
        {
            "type": "bitmap",
            "file": "minecraft:emojis/vlad.png",
            "ascent": 9,
            "chars":[""],
            "height": 9
        },
        {
            "type": "bitmap",
            "file": "minecraft:emojis/mc_fox.png",
            "ascent": 9,
            "chars":[""],
            "height": 9
        },
        {
            "type": "bitmap",
            "file": "minecraft:emojis/pepe_flushed.png",
            "ascent": 9,
            "chars":[""],
            "height": 9
        },
        {
            "type": "bitmap",
            "file": "minecraft:emojis/pepe_ok.png",
            "ascent": 9,
            "chars":[""],
            "height": 9
        },
        {
            "type": "bitmap",
            "file": "minecraft:emojis/pepe_troll.png",
            "ascent": 9,
            "chars":[""],
            "height": 9
        },
        {
            "type": "bitmap",
            "file": "minecraft:emojis/pepe_happy.png",
            "ascent": 9,
            "chars":[""],
            "height": 9
        },
        {
            "type": "bitmap",
            "file": "minecraft:emojis/pepe_popcorn.png",
            "ascent": 9,
            "chars":[""],
            "height": 9
        },
        {
            "type": "bitmap",
            "file": "minecraft:emojis/pepe_toast.png",
            "ascent": 9,
            "chars":[""],
            "height": 9
        },
        {
            "type": "bitmap",
            "file": "minecraft:emojis/pepeLaugh.png",
            "ascent": 9,
            "chars":[""],
            "height": 9
        },
        {
            "type": "bitmap",
            "file": "minecraft:emojis/pepeHands.png",
            "ascent": 9,
            "chars":[""],
            "height": 9
        },
        {
            "type": "bitmap",
            "file": "minecraft:emojis/pepeClownToxic.png",
            "ascent": 9,
            "chars":[""],
            "height": 9
        },
        {
            "type": "bitmap",
            "file": "minecraft:emojis/mc_cat.png",
            "ascent": 9,
            "chars":[""],
            "height": 9
        },
        {
            "type": "bitmap",
            "file": "minecraft:emojis/yoba.png",
            "ascent": 9,
            "chars":[""],
            "height": 9
        },
        {
            "type": "bitmap",
            "file": "minecraft:emojis/kotochih_dang.png",
            "ascent": 9,
            "chars":[""],
            "height": 9
        },
        {
            "type": "bitmap",
            "file": "minecraft:emojis/kotochih_deal.png",
            "ascent": 9,
            "chars":[""],
            "height": 9
        },
        {
            "type": "bitmap",
            "file": "minecraft:emojis/kotochih_facepalm.png",
            "ascent": 9,
            "chars":[""],
            "height": 9
        },
        {
            "type": "bitmap",
            "file": "minecraft:emojis/kotochih_thumbsup.png",
            "ascent": 9,
            "chars":[""],
            "height": 9
        },
        {
            "type": "bitmap",
            "file": "minecraft:emojis/blooshed.png",
            "ascent": 9,
            "chars":[""],
            "height": 9
        },
        {
            "type": "bitmap",
            "file": "minecraft:emojis/pingsock.png",
            "ascent": 9,
            "chars":[""],
            "height": 9
        },
        {
            "type": "bitmap",
            "file": "minecraft:emojis/cisLOGO.png",
            "ascent": 9,
            "chars":[""],
            "height": 9
        },
        {
            "type": "bitmap",
            "file": "minecraft:emojis/kotochih.png",
            "ascent": 9,
            "chars":[""],
            "height": 9
        },
        {
            "type": "bitmap",
            "file": "minecraft:emojis/pepeKavun.png",
            "ascent": 9,
            "chars":[""],
            "height": 9
        },
        {
            "type": "bitmap",
            "file": "minecraft:emojis/skyfrown.png",
            "ascent": 9,
            "chars":[""],
            "height": 9
        },
        {
            "type": "bitmap",
            "file": "minecraft:emojis/pepeclownchad.png",
            "ascent": 9,
            "chars":[""],
            "height": 9
        },
        {
            "type": "bitmap",
            "file": "minecraft:emojis/pepeclownsad.png",
            "ascent": 9,
            "chars":[""],
            "height": 9
        },
        {
            "type": "bitmap",
            "file": "minecraft:emojis/pain.png",
            "ascent": 9,
            "chars":[""],
            "height": 9
        },
        {
            "type": "bitmap",
            "file": "minecraft:emojis/poggers.png",
            "ascent": 9,
            "chars":[""],
            "height": 9
        },
        {
            "type": "bitmap",
            "file": "minecraft:emojis/whygod.png",
            "ascent": 9,
            "chars":[""],
            "height": 9
        },
        {
            "type": "bitmap",
            "file": "minecraft:emojis/pepecool.png",
            "ascent": 9,
            "chars":[""],
            "height": 9
        },
        {
            "type": "bitmap",
            "file": "minecraft:emojis/pepejuice.png",
            "ascent": 9,
            "chars":[""],
            "height": 9
        },
        {
            "type": "bitmap",
            "file": "minecraft:emojis/pepethink.png",
            "ascent": 9,
            "chars":[""],
            "height": 9
        },
        {
            "type": "bitmap",
            "file": "minecraft:emojis/flag_nagatynsky.png",
            "ascent": 9,
            "chars":[""],
            "height": 9
        },
        {
            "type": "bitmap",
            "file": "minecraft:emojis/flag_kazan.png",
            "ascent": 9,
            "chars":[""],
            "height": 9
        },
        {
            "type": "bitmap",
            "file": "minecraft:emojis/bte.png",
            "ascent": 9,
            "chars":[""],
            "height": 9
        },
        {
            "type": "bitmap",
            "file": "minecraft:emojis/patreon.png",
            "ascent": 9,
            "chars":[""],
            "height": 9
        },
        {
            "type": "bitmap",
            "file": "minecraft:emojis/vk.png",
            "ascent": 9,
            "chars":[""],
            "height": 9
        },
        {
            "type": "bitmap",
            "file": "minecraft:emojis/gruno.png",
            "ascent": 9,
            "chars":[""],
            "height": 9
        },
        {
            "type": "bitmap",
            "file": "minecraft:emojis/clueless.png",
            "ascent": 9,
            "chars":[""],
            "height": 9
        },
        {
            "type": "bitmap",
            "file": "minecraft:emojis/upvote.png",
            "ascent": 9,
            "chars":[""],
            "height": 9
        },
        {
            "type": "bitmap",
            "file": "minecraft:emojis/pepeJoker.png",
            "ascent": 9,
            "chars":[""],
            "height": 9
        },
        {
            "type": "bitmap",
            "file": "minecraft:emojis/F891.png",
            "ascent": 9,
            "chars":[""],
            "height": 9
        }
    ]
}